YÄ±l,test,clean_test,binary,budget,domgross,intgross,code,budget_2013$,domgross_2013$,intgross_2013$,period code,decade code
2005,ok,ok,FAIL,101423449,114776509.0,229323219.0,1998PASS,125672306,204320452.0,337755651.0,4.0,3.0
2003,notalk-disagree,ok,FAIL,39220952,46784597.0,99958292.0,1995PASS,75134008,61814006.0,188625620.0,3.0,3.0
2004,ok,men,FAIL,2535393,7763563.0,19429543.0,1997FAIL,4865853,12157689.0,41623493.0,4.0,2.0
2011,dubious,dubious,FAIL,17564458,118667363.0,237753952.0,2006FAIL,23733814,161287474.0,347011843.0,2.0,2.0
2009,notalk-disagree,notalk,FAIL,22901426,92486231.0,,2005FAIL,37899875,110580962.0,277161255.0,1.0,2.0
2009,ok,ok,PASS,39310578,87358000.0,166212466.0,2001PASS,73689082,165336365.0,359762210.0,3.0,3.0
1993,nowomen,men,PASS,74439688,71420362.0,145689438.0,1998PASS,110935256,105293483.0,222526895.0,4.0,2.0
2009,ok,men,FAIL,1962245,23340557.0,45557573.0,2002PASS,2024722,,61582231.0,2.0,2.0
2002,dubious,notalk,FAIL,19860534,20835685.0,88364749.0,1994PASS,34966744,48418384.0,148278994.0,5.0,
1989,nowomen,nowomen,FAIL,3848648,2070475.0,87131.0,1980FAIL,14740713,13206108.0,379028.0,,
2011,notalk,notalk,PASS,51252528,148724275.0,429937841.0,2008PASS,76855303,211423777.0,678858078.0,2.0,2.0
2009,notalk-disagree,ok,FAIL,63486955,142549200.0,340215841.0,2009PASS,65071577,131120695.0,303281131.0,3.0,2.0
2008,notalk,notalk,PASS,34343891,1606664.0,13680865.0,2006PASS,39727118,3835837.0,15948936.0,1.0,1.0
2012,nowomen,dubious,PASS,12489532,18006084.0,27766740.0,2005PASS,23199073,16832692.0,43528854.0,3.0,3.0
2006,notalk,ok,FAIL,96150289,160236523.0,364600006.0,2005FAIL,116069280,130339161.0,386317684.0,3.0,2.0
1991,men-disagree,men,PASS,57944743,102078720.0,269600711.0,2001FAIL,67405685,98119565.0,342654982.0,2.0,2.0
2009,notalk,notalk,FAIL,1733760,11108292.0,27118451.0,2009FAIL,1794142,8805487.0,26390825.0,1.0,2.0
2013,men,ok,FAIL,69250915,113340785.0,267264234.0,2013PASS,77035246,113644589.0,275639163.0,1.0,2.0
2013,ok,ok,PASS,6490334,4396810.0,8216351.0,2013FAIL,2678439,3704139.0,3175209.0,1.0,1.0
2007,notalk,notalk,FAIL,142694423,314908211.0,626920615.0,2004FAIL,194981972,443354444.0,816424990.0,2.0,2.0
2012,ok,ok,PASS,89193612,41372626.0,188035233.0,2013PASS,82869313,12683049.0,138387056.0,1.0,1.0
2013,notalk-disagree,notalk,FAIL,65038823,62188835.0,265193360.0,2013PASS,57533435,34123676.0,229716575.0,1.0,1.0
2012,ok,nowomen,PASS,40578023,7199915.0,17165936.0,2011FAIL,41250891,3759777.0,8745617.0,1.0,1.0
2010,dubious-disagree,ok,PASS,62808609,86598638.0,217893529.0,2010PASS,67101688,82469228.0,237632446.0,1.0,1.0
2007,ok,ok,FAIL,22825360,31913965.0,54543904.0,2008PASS,34735869,44419794.0,67094894.0,1.0,1.0
2013,ok,ok,PASS,82538324,182211626.0,393689003.0,2013FAIL,75074987,216964600.0,369919867.0,1.0,1.0
2003,ok,ok,FAIL,36615862,67476819.0,155526192.0,1999PASS,46754023,81461973.0,182498233.0,4.0,3.0
2006,notalk-disagree,ok,FAIL,113215939,301009558.0,687632333.0,1991PASS,181518610,443683095.0,1084222941.0,5.0,
2012,ok,ok,FAIL,52498315,110942053.0,208751962.0,2011FAIL,62650498,132835781.0,214598675.0,1.0,1.0
2011,ok,men,PASS,222018866,336525238.0,885981414.0,2010PASS,258807852,415115009.0,1086782796.0,2.0,1.0
2002,notalk-disagree,men,FAIL,36162373,28076047.0,81154054.0,2001FAIL,38880827,55704189.0,89952053.0,3.0,2.0
2011,ok,notalk,FAIL,21060504,13196557.0,63204469.0,2009FAIL,19856717,10629585.0,58161619.0,1.0,2.0
2006,ok,ok,FAIL,20917223,8308572.0,56736526.0,2008PASS,26191332,18827058.0,,1.0,1.0
1996,ok,nowomen,FAIL,273286681,411023095.0,1045239211.0,1997PASS,325826667,661216629.0,1434394258.0,,2.0
2006,notalk,ok,FAIL,7027254,6824635.0,9604515.0,2005PASS,10099933,7130151.0,10352904.0,2.0,2.0
2011,ok,nowomen,FAIL,6924710,2802258.0,1603173.0,2012FAIL,7027288,3347238.0,1355029.0,3.0,
2011,ok,ok,PASS,33860793,3718218.0,9215284.0,2008FAIL,39400444,8672682.0,8101755.0,2.0,2.0
1989,men,ok,FAIL,39906640,121367611.0,252056779.0,1994FAIL,67022233,186123367.0,444686984.0,4.0,
2012,ok,dubious,PASS,25620696,3397792.0,,2012FAIL,14249608,575464.0,3175542.0,1.0,1.0
1992,notalk,ok,PASS,3602541,57157470.0,111015884.0,1994PASS,9360721,100380292.0,212231666.0,3.0,2.0
1997,notalk,notalk,PASS,8505105,62318075.0,54982920.0,2000PASS,10103639,63539631.0,79416302.0,4.0,2.0
2012,nowomen-disagree,men,FAIL,51243986,15417244.0,63896345.0,2011FAIL,66219592,10807804.0,70851166.0,2.0,1.0
2006,nowomen-disagree,men,PASS,22572876,35669614.0,107104780.0,2000FAIL,36657960,55659836.0,164456368.0,3.0,3.0
2013,notalk,notalk,FAIL,41282326,66239438.0,207641899.0,2013FAIL,43696873,82853938.0,214525286.0,1.0,1.0
2006,notalk-disagree,notalk,FAIL,56403377,181386457.0,372330487.0,2002PASS,97011742,280692700.0,620207635.0,4.0,3.0
2002,dubious,dubious,PASS,4308951,22255210.0,15240000.0,1996FAIL,10975979,60371911.0,41158795.0,,3.0
1995,notalk,notalk,PASS,76535428,272994801.0,405953734.0,1983FAIL,129384152,533319661.0,774924940.0,,
2011,notalk,notalk,PASS,28232433,29966865.0,82530275.0,2005PASS,47792081,92920848.0,146333876.0,4.0,2.0
2013,notalk,notalk,PASS,45218057,3580976.0,23704313.0,2012FAIL,38134986,852028.0,6711634.0,1.0,1.0
2011,notalk,notalk,FAIL,46144581,119448411.0,319400606.0,2008FAIL,55808631,118361190.0,327944706.0,2.0,2.0
